{
    "Car # 22": 0.9248440158820193,
    "Car # 24": 0.9236024844720497,
    "Car # 2": 0.9166011014948859,
    "Car # 23": 0.9164931459309388,
    "Car # 18": 0.9006784260515603,
    "Car # 1": 0.881769641495042,
    "Car # 17": 0.8677662845960302,
    "Car # 4": 0.831199460916442,
    "Car # 16": 0.8258928571428571,
    "Car # 3": 0.8248803827751197,
    "Car # 20": 0.7800995024875622,
    "Car # 19": 0.7605363984674329,
    "Car # 9": 0.7590769230769231,
    "Car # 21": 0.7305375347544022,
    "Car # 13": 0.6904083570750238,
    "Car # 8": 0.6817765567765568,
    "Car # 5": 0.6645962732919255,
    "Car # 11": 0.6467931345980127,
    "Car # 12": 0.5943738656987296,
    "Car # 7": 0.5149051490514905,
    "Car # 15": 0.43970959595959597,
    "Car # 6": 0.408466819221968,
    "Car # 10": 0.3675,
    "Car # 14": 0.3478980470043032,
    "fence": 0,
    "sky": 0,
    "vegetation": 0,
    "car_group": 0,
    "licenseplate": 0,
    "Bus # 1": 0,
    "traffic_sign": 0,
    "sidewalk": 0,
    "rail track": 0,
    "billboard": 0,
    "road": 0,
    "static": 0,
    "building": 0,
    "pole": 0,
    "ground": 0,
    "terrain": 0,
    "Truck # 2": 0,
    "tram track": 0
}